actual_stroke,predicted_stroke,stroke_probability
0,0,0.02
0,0,0.0
0,0,0.0
0,0,0.0
0,0,0.12
0,0,0.0
0,0,0.03
0,0,0.0
0,0,0.0
0,0,0.0
0,0,0.17
0,0,0.0
0,0,0.125
0,0,0.01
0,0,0.0
0,0,0.0
0,0,0.0
0,0,0.0
0,0,0.0
0,0,0.025
0,0,0.015
0,0,0.01
0,0,0.165
0,0,0.0
0,0,0.01
0,0,0.0
0,0,0.0
0,0,0.0
0,0,0.005
0,0,0.04
0,0,0.11
0,0,0.095
0,0,0.0
1,0,0.135
0,0,0.12
0,0,0.0
0,0,0.0
0,0,0.0
0,0,0.205
0,0,0.0
0,0,0.125
0,0,0.005
0,0,0.265
0,0,0.005
0,0,0.06
0,0,0.005
0,0,0.0
0,0,0.06
0,0,0.055
0,0,0.0
0,0,0.0
0,0,0.0
0,0,0.0
0,0,0.0
0,0,0.12
0,0,0.0
0,0,0.11
0,0,0.145
0,0,0.0
0,0,0.0
0,0,0.015
1,0,0.295
0,0,0.085
0,0,0.025
0,0,0.0
1,0,0.06
0,0,0.085
0,0,0.04
0,0,0.0
0,0,0.0
0,0,0.0
0,0,0.0
0,0,0.0
0,0,0.2
0,0,0.005
0,0,0.0
0,0,0.12
0,0,0.145
0,0,0.0
0,0,0.0
0,0,0.0
0,0,0.005
0,0,0.0
0,0,0.0
0,0,0.105
0,0,0.0
0,0,0.01
0,0,0.05
0,0,0.03
0,0,0.01
0,0,0.005
0,0,0.0
0,0,0.035
0,0,0.0
0,0,0.0
0,0,0.0
0,0,0.0
0,0,0.0
0,0,0.0
0,0,0.03
0,0,0.05
0,0,0.015
0,0,0.005
0,0,0.01
0,0,0.0
0,0,0.0
0,0,0.015
0,0,0.025
0,0,0.0
0,0,0.095
0,0,0.085
0,0,0.125
0,0,0.0
0,0,0.0
0,0,0.03
0,0,0.04
0,0,0.135
0,0,0.0
0,0,0.0
0,0,0.0
0,0,0.06
0,0,0.0
0,0,0.05
0,0,0.0
0,0,0.04
0,0,0.08
0,0,0.0
0,0,0.005
0,0,0.165
0,0,0.01
0,0,0.19
0,0,0.0
0,0,0.005
0,0,0.005
0,0,0.085
1,0,0.02
0,0,0.19
0,0,0.15
0,0,0.0
0,0,0.075
0,0,0.0
0,0,0.0
0,0,0.005
0,0,0.015
0,0,0.155
0,0,0.3
0,0,0.0
0,0,0.065
0,0,0.005
0,0,0.06
0,0,0.0
0,0,0.005
0,0,0.0
1,0,0.09
0,0,0.03
0,0,0.035
0,0,0.035
0,0,0.045
0,0,0.065
0,0,0.0
0,0,0.0
0,0,0.0
0,0,0.0
0,0,0.01
0,0,0.0
1,0,0.0
0,0,0.0
0,0,0.0
0,0,0.42
0,0,0.0
0,0,0.0
1,0,0.12
0,0,0.0
0,0,0.0
0,0,0.135
0,0,0.045
0,0,0.1
0,0,0.0
0,0,0.0
0,0,0.12
0,0,0.0
0,0,0.005
0,0,0.0
0,0,0.005
0,0,0.035
0,0,0.005
0,0,0.25
0,0,0.01
0,0,0.015
0,0,0.0
0,0,0.0
0,0,0.115
0,0,0.415
0,0,0.005
1,0,0.075
0,0,0.05
0,0,0.025
0,0,0.09
0,0,0.01
0,0,0.07
0,0,0.0
0,0,0.005
0,0,0.0
0,0,0.165
0,0,0.005
0,0,0.0
0,0,0.035
1,0,0.26
0,0,0.0
0,0,0.0
0,0,0.0
0,0,0.0
0,0,0.14
0,0,0.0
0,0,0.0
0,0,0.035
0,0,0.0
0,0,0.015
0,0,0.0
0,0,0.02
0,0,0.0
0,0,0.295
0,0,0.0
0,0,0.055
0,0,0.0
0,0,0.0
0,0,0.385
0,0,0.0
0,0,0.0
0,0,0.03
0,0,0.105
1,0,0.32
0,0,0.0
1,0,0.05
0,0,0.0
0,0,0.0
0,0,0.01
0,0,0.015
0,0,0.085
0,0,0.0
1,0,0.005
1,0,0.095
0,0,0.105
0,0,0.0
0,0,0.035
0,0,0.005
0,0,0.01
0,0,0.0
0,0,0.005
0,0,0.12
0,0,0.005
0,0,0.01
0,0,0.005
1,0,0.01
0,0,0.0
0,0,0.0
0,0,0.0
0,0,0.01
0,0,0.015
0,0,0.15
0,0,0.0
0,0,0.015
0,0,0.105
0,0,0.135
0,0,0.015
0,0,0.0
0,0,0.05
0,0,0.0
0,0,0.0
0,0,0.0
0,0,0.005
0,0,0.13
0,0,0.0
0,0,0.155
0,0,0.155
0,0,0.0
0,0,0.0
0,0,0.265
0,0,0.0
0,0,0.0
0,0,0.0
0,0,0.0
0,0,0.0
0,0,0.135
0,0,0.01
1,0,0.035
0,0,0.08
0,0,0.0
0,0,0.03
0,0,0.07
0,0,0.145
0,0,0.09
0,0,0.0
0,0,0.01
0,0,0.0
0,0,0.35
0,0,0.195
0,0,0.02
0,0,0.37
0,0,0.015
0,0,0.08
0,0,0.055
0,0,0.025
0,0,0.005
0,0,0.13
0,0,0.0
0,0,0.0
0,0,0.01
0,0,0.0
0,0,0.195
0,0,0.025
0,0,0.395
0,0,0.14
0,0,0.015
0,0,0.05
0,0,0.0
0,0,0.005
0,0,0.33
0,0,0.0
1,0,0.07
0,0,0.015
0,0,0.015
0,0,0.0
0,0,0.0
0,0,0.0
0,0,0.0
0,0,0.01
0,0,0.05
0,0,0.005
0,0,0.0
0,0,0.02
0,0,0.415
0,0,0.0
0,0,0.01
1,0,0.355
0,0,0.015
0,0,0.0
0,0,0.165
0,0,0.015
1,0,0.13
0,0,0.0
0,0,0.01
0,0,0.0
0,0,0.035
0,0,0.08
0,0,0.005
0,0,0.0
0,0,0.16
0,0,0.015
0,0,0.0
0,0,0.0
0,0,0.0
0,0,0.0
0,0,0.0
0,0,0.0
0,0,0.01
0,0,0.015
0,0,0.0
0,0,0.075
0,0,0.045
0,0,0.0
0,0,0.0
0,0,0.0
0,0,0.0
0,0,0.085
0,0,0.005
0,0,0.23
0,0,0.095
0,0,0.06
0,0,0.005
0,0,0.01
0,0,0.0
0,0,0.0
0,0,0.0
0,0,0.0
0,0,0.0
0,0,0.005
0,0,0.015
0,0,0.0
0,0,0.015
0,0,0.015
0,0,0.0
0,0,0.0
0,0,0.0
0,0,0.0
0,0,0.005
0,0,0.2
0,0,0.0
0,0,0.0
0,0,0.395
0,0,0.15
0,0,0.005
0,0,0.085
0,0,0.01
0,0,0.0
0,0,0.0
0,0,0.025
0,0,0.015
0,0,0.0
0,0,0.0
0,0,0.0
0,0,0.0
0,0,0.05
0,0,0.005
0,0,0.0
0,0,0.01
0,0,0.005
0,0,0.01
0,0,0.0
0,0,0.1
0,0,0.065
0,0,0.0
0,0,0.015
0,0,0.0
0,0,0.005
1,0,0.075
0,0,0.05
1,0,0.115
1,0,0.135
1,0,0.25
0,0,0.155
0,1,0.66
0,0,0.0
0,0,0.09
0,0,0.005
0,0,0.07
0,0,0.115
0,0,0.17
0,0,0.025
0,0,0.0
0,0,0.0
0,0,0.0
0,0,0.0
0,0,0.005
0,0,0.0
0,0,0.145
0,0,0.445
0,0,0.04
0,0,0.025
0,0,0.105
0,0,0.005
0,0,0.0
0,0,0.095
0,0,0.03
0,0,0.0
0,0,0.04
0,0,0.055
0,0,0.075
0,0,0.0
1,0,0.11
0,0,0.0
0,0,0.02
0,0,0.0
0,0,0.005
0,0,0.075
0,0,0.14
0,0,0.01
0,0,0.095
0,0,0.0
0,0,0.0
0,0,0.005
0,0,0.0
0,0,0.095
0,0,0.0
0,0,0.0
0,0,0.0
0,0,0.0
0,0,0.25
1,0,0.305
0,0,0.015
0,0,0.06
0,0,0.03
0,0,0.21
0,0,0.085
1,0,0.125
0,0,0.075
0,0,0.09
0,0,0.025
0,0,0.06
0,0,0.015
0,0,0.0
0,0,0.0
0,0,0.21
0,0,0.0
0,0,0.0
0,0,0.055
0,0,0.0
0,0,0.06
0,0,0.0
0,0,0.0
0,0,0.02
0,0,0.0
0,0,0.0
0,0,0.055
0,0,0.0
0,0,0.015
0,0,0.005
0,0,0.015
0,0,0.0
0,0,0.0
0,0,0.165
0,0,0.0
0,0,0.0
0,0,0.025
0,0,0.005
0,0,0.005
0,0,0.0
0,0,0.06
0,0,0.0
0,0,0.005
0,0,0.01
0,0,0.07
0,0,0.0
0,0,0.075
1,0,0.015
0,0,0.01
0,0,0.0
0,0,0.01
0,0,0.0
0,0,0.005
0,0,0.015
1,0,0.01
0,0,0.245
0,0,0.005
0,0,0.045
0,0,0.06
0,0,0.0
0,0,0.005
0,0,0.0
1,0,0.16
0,0,0.05
0,0,0.0
0,0,0.0
0,0,0.11
0,0,0.0
0,0,0.01
0,0,0.015
0,0,0.0
0,0,0.015
0,0,0.0
0,0,0.0
0,0,0.01
0,0,0.01
0,0,0.0
0,0,0.005
0,0,0.03
0,0,0.05
0,0,0.105
0,0,0.0
0,0,0.015
0,0,0.0
0,0,0.0
0,0,0.02
1,0,0.005
0,0,0.0
0,0,0.04
0,0,0.205
0,0,0.005
0,0,0.04
0,0,0.0
0,0,0.19
0,0,0.0
0,0,0.065
0,0,0.075
0,0,0.01
0,0,0.035
0,0,0.0
0,0,0.045
0,0,0.025
0,0,0.0
0,0,0.085
0,0,0.035
0,0,0.0
0,0,0.0
0,0,0.0
0,0,0.0
0,0,0.0
0,0,0.01
0,0,0.05
0,0,0.13
0,0,0.025
0,0,0.105
0,0,0.0
0,0,0.0
0,0,0.01
0,0,0.265
0,0,0.005
0,0,0.05
0,0,0.015
0,0,0.0
0,0,0.005
0,0,0.0
0,0,0.0
0,0,0.0
0,0,0.0
0,0,0.025
0,0,0.0
0,0,0.005
0,0,0.025
0,0,0.0
0,0,0.07
0,0,0.0
0,0,0.005
0,0,0.0
0,0,0.0
0,0,0.0
0,0,0.035
0,0,0.0
0,0,0.005
0,0,0.025
0,0,0.0
0,0,0.05
0,0,0.05
0,0,0.005
0,0,0.0
0,0,0.0
1,0,0.105
0,0,0.005
0,0,0.035
0,0,0.01
0,0,0.12
0,0,0.0
0,0,0.0
0,0,0.07
0,0,0.335
0,0,0.19
0,0,0.0
0,0,0.015
0,0,0.0
0,0,0.035
0,0,0.005
0,0,0.145
0,0,0.155
0,0,0.34
0,0,0.0
0,0,0.0
1,0,0.115
0,0,0.0
0,0,0.0
0,0,0.125
0,0,0.055
0,0,0.0
0,0,0.025
0,0,0.03
0,0,0.0
0,0,0.005
0,0,0.025
0,0,0.0
0,0,0.055
0,0,0.065
0,0,0.01
0,0,0.1
0,0,0.0
0,0,0.0
0,0,0.02
0,0,0.02
0,0,0.315
0,0,0.0
0,0,0.01
0,0,0.0
0,0,0.18
0,0,0.005
0,0,0.09
0,0,0.0
0,0,0.02
0,0,0.085
0,0,0.065
0,0,0.075
0,0,0.12
0,0,0.0
0,0,0.005
0,0,0.0
0,0,0.015
0,0,0.09
0,0,0.0
0,0,0.12
0,0,0.0
0,0,0.0
0,0,0.055
0,0,0.215
0,0,0.0
0,0,0.07
0,0,0.0
0,0,0.075
0,0,0.0
0,0,0.0
1,0,0.0
0,0,0.0
0,0,0.005
0,0,0.17
0,0,0.0
0,0,0.235
0,0,0.03
0,0,0.055
0,0,0.0
0,0,0.0
0,0,0.0
0,0,0.01
0,0,0.065
0,0,0.0
1,0,0.175
0,0,0.0
0,0,0.04
0,0,0.0
0,0,0.0
0,0,0.29
0,0,0.0
0,0,0.005
1,0,0.075
0,0,0.01
0,0,0.0
0,0,0.035
0,0,0.005
0,0,0.0
0,0,0.0
0,0,0.0
0,0,0.035
0,0,0.0
0,0,0.085
0,0,0.0
0,0,0.0
0,0,0.02
0,0,0.105
0,0,0.0
0,0,0.0
0,0,0.21
0,0,0.0
0,0,0.01
0,0,0.005
0,0,0.0
0,0,0.0
0,0,0.355
0,0,0.36
0,0,0.22
0,0,0.06
0,0,0.0
0,0,0.075
0,0,0.025
0,0,0.01
0,0,0.09
0,0,0.0
0,0,0.0
0,0,0.125
0,0,0.02
0,0,0.315
0,0,0.08
0,0,0.0
0,0,0.0
0,0,0.0
0,0,0.0
0,0,0.23
0,0,0.0
0,0,0.0
1,0,0.025
0,0,0.0
0,0,0.01
0,0,0.0
0,0,0.01
0,0,0.065
0,0,0.005
0,0,0.025
0,0,0.0
0,0,0.005
0,0,0.0
1,0,0.335
0,0,0.02
0,0,0.025
0,0,0.0
0,0,0.0
0,0,0.09
0,0,0.08
0,0,0.015
0,0,0.005
0,0,0.01
0,0,0.0
0,0,0.14
0,0,0.2
0,0,0.025
0,0,0.03
0,0,0.005
0,0,0.15
0,0,0.005
0,0,0.0
0,0,0.15
0,0,0.0
0,0,0.03
0,0,0.0
0,0,0.04
0,0,0.305
0,0,0.0
0,0,0.005
0,0,0.115
0,0,0.035
0,0,0.0
0,0,0.03
0,0,0.015
0,0,0.06
1,0,0.145
0,0,0.0
0,0,0.01
0,0,0.0
0,0,0.035
0,0,0.115
0,0,0.0
0,0,0.025
0,0,0.0
0,0,0.0
0,0,0.015
0,0,0.075
0,0,0.0
0,0,0.11
1,0,0.06
0,0,0.0
0,0,0.115
0,0,0.005
0,0,0.0
0,0,0.0
0,0,0.115
0,0,0.025
0,0,0.035
0,0,0.02
0,0,0.0
0,0,0.075
0,0,0.095
1,0,0.065
0,0,0.05
0,0,0.05
0,0,0.1
0,0,0.0
0,0,0.125
0,0,0.015
0,0,0.0
0,0,0.015
0,0,0.04
0,0,0.0
0,0,0.0
0,0,0.0
0,0,0.15
0,0,0.0
1,0,0.2
0,0,0.025
0,0,0.005
0,0,0.0
1,0,0.2
0,0,0.0
0,0,0.165
0,0,0.08
0,0,0.0
0,0,0.005
0,0,0.045
0,0,0.0
0,0,0.035
0,0,0.015
0,0,0.0
0,0,0.0
0,0,0.015
0,0,0.125
0,0,0.285
0,0,0.0
0,0,0.1
0,0,0.015
0,0,0.105
0,0,0.0
0,0,0.065
0,0,0.0
0,0,0.0
1,0,0.135
0,0,0.0
1,0,0.1
1,0,0.405
0,0,0.0
0,0,0.0
0,0,0.07
0,0,0.0
0,0,0.0
0,0,0.24
0,0,0.15
0,0,0.0
0,0,0.005
0,0,0.135
1,0,0.075
0,0,0.045
0,0,0.0
0,0,0.005
0,0,0.0
0,0,0.0
0,0,0.105
0,0,0.03
0,0,0.0
0,0,0.0
0,0,0.0
0,0,0.0
0,0,0.01
0,0,0.0
0,0,0.0
0,0,0.0
0,0,0.025
0,0,0.0
0,0,0.04
0,0,0.065
0,0,0.0
0,0,0.0
0,0,0.12
1,0,0.11
0,0,0.0
0,0,0.025
0,0,0.005
0,0,0.0
0,0,0.005
0,0,0.005
0,0,0.005
0,0,0.0
0,0,0.025
1,0,0.02
0,0,0.0
0,0,0.015
0,0,0.0
0,0,0.01
0,0,0.0
0,0,0.0
0,0,0.0
0,0,0.315
0,0,0.0
0,0,0.0
0,0,0.03
0,0,0.1
0,0,0.01
0,0,0.015
0,0,0.005
0,0,0.0
0,0,0.02
0,0,0.0
0,0,0.16
0,0,0.0
0,0,0.01
0,0,0.0
0,0,0.0
0,0,0.03
0,0,0.11
0,0,0.015
0,0,0.0
0,0,0.0
1,0,0.19
0,0,0.115
0,0,0.0
0,0,0.04
0,0,0.025
0,0,0.0
0,0,0.015
1,0,0.085
0,0,0.0
0,0,0.05
0,0,0.02
0,0,0.0
0,0,0.0
0,0,0.16
0,0,0.005
0,0,0.0
0,0,0.0
0,0,0.0
0,0,0.0
0,0,0.0
0,0,0.04
0,0,0.0
0,0,0.0
0,0,0.16
0,0,0.005
0,0,0.03
0,0,0.15
0,0,0.005
0,0,0.0
0,0,0.13
0,0,0.04
0,0,0.08
0,0,0.01
0,0,0.0
0,0,0.0
0,0,0.01
1,0,0.0
0,0,0.05
0,0,0.08
0,0,0.185
0,0,0.015
0,0,0.015
0,0,0.005
0,0,0.0
0,0,0.075
0,0,0.0
0,0,0.0
0,0,0.12
0,0,0.005
0,0,0.0
0,0,0.005
0,0,0.0
0,0,0.0
0,0,0.055
0,0,0.005
0,0,0.005
0,0,0.01
0,0,0.035
0,0,0.0
0,0,0.005
0,0,0.0
0,0,0.065
0,0,0.0
0,0,0.015
0,0,0.015
0,0,0.015
0,0,0.03
0,0,0.0
0,0,0.105
0,0,0.0
0,0,0.085
0,0,0.005
0,0,0.23
0,0,0.0
0,0,0.0
0,0,0.195
0,0,0.0
0,0,0.035
0,0,0.0
0,0,0.01
